timestamp,actual,predicted
2020-01-08 00:00:00,2.9285210008023688,3.131894188648435
2020-01-08 01:00:00,2.9549098896907635,3.231877345282195
2020-01-08 02:00:00,2.940817717973872,3.2688570458868575
2020-01-08 03:00:00,3.0061232735294308,3.361395167755688
2020-01-08 04:00:00,3.1333454957515787,3.5392532353046584
2020-01-08 05:00:00,3.294387162418214,3.6808669249515287
2020-01-08 06:00:00,3.3449010513072266,3.7134621968412764
2020-01-08 07:00:00,3.219914940195851,3.6960097300153314
2020-01-08 08:00:00,3.2031371624184626,3.532352086888298
2020-01-08 09:00:00,3.0946649401958974,3.535548895037649
2020-01-08 10:00:00,3.125776051307386,3.3261520190089255
2020-01-08 11:00:00,3.0101232735293175,3.2673032205468506
2020-01-08 12:00:00,3.0698716653420908,3.195877867581258
2020-01-08 13:00:00,2.9863299986755933,3.168520250378319
2020-01-08 14:00:00,3.252645970897828,3.1801856807982443
2020-01-08 15:00:00,3.31459041534224,3.2932317825749733
2020-01-08 16:00:00,3.4460487486755453,3.376855900779957
2020-01-08 17:00:00,3.5114793042309715,3.4220764474594216
2020-01-08 18:00:00,3.409645970898048,3.302129222507593
2020-01-08 19:00:00,3.2549185403420426,3.1913846621040656
2020-01-08 20:00:00,3.1805435403422337,3.0734678901852064
2020-01-08 21:00:00,3.0462379847866776,2.941259682037584
2020-01-08 22:00:00,2.9799185403423007,2.8733357056538127
2020-01-08 23:00:00,2.972557429231118,2.8485782454652226
2020-01-09 00:00:00,3.0896407625644566,2.9126728482022464
2020-01-09 01:00:00,3.167307429231169,2.893798388966284
2020-01-09 02:00:00,3.306751873675543,2.9040034376490764
2020-01-09 03:00:00,3.370918540342332,2.928927847839955
2020-01-09 04:00:00,3.476779651453336,3.1031974667602267
2020-01-09 05:00:00,3.9683537255274763,3.2741417466549345
2020-01-09 06:00:00,4.008079419971456,3.366145523160138
2020-01-09 07:00:00,3.762581821810013,3.390696165839661
2020-01-09 08:00:00,3.733581821809609,3.3897130898902748
2020-01-09 09:00:00,3.6412735713954243,3.3591232157490127
2020-01-09 10:00:00,3.5577349869333035,3.312307349104781
2020-01-09 11:00:00,3.755427378832424,3.2083665519996782
2020-01-09 12:00:00,3.612052378832805,3.243893198073483
2020-01-09 13:00:00,3.6618162677212953,3.2351333879101616
2020-01-09 14:00:00,3.7863177071861918,3.2929596901831166
2020-01-09 15:00:00,3.4419159358496403,3.322279027193369
2020-01-09 16:00:00,3.492540935849652,3.570407894797862
2020-01-09 17:00:00,3.704943713627337,3.5924968906548886
2020-01-09 18:00:00,3.537384189817935,3.553401149732881
2020-01-09 19:00:00,3.126342523151169,3.3806442589096513
2020-01-09 20:00:00,3.2122730787067453,3.3306400501808744
2020-01-09 21:00:00,3.1305270469608004,3.224285187874745
2020-01-09 22:00:00,3.0318464914051555,3.1356642953001517
2020-01-09 23:00:00,2.9625270469607434,3.13724983449369
2020-01-10 00:00:00,2.9851659358494134,3.054369798301977
2020-01-10 01:00:00,3.046971491405211,3.0450851845006732
2020-01-10 02:00:00,3.2182353802938293,3.07400810302515
2020-01-10 03:00:00,3.256671144183174,3.201935386710405
2020-01-10 04:00:00,3.439125509262289,3.389082893691768
2020-01-10 05:00:00,3.7517857656724,3.587218992367353
2020-01-10 06:00:00,3.957457061968873,3.740152343511048
2020-01-10 07:00:00,3.907494643668244,3.71025565375516
2020-01-10 08:00:00,3.7694668658904593,3.7396281541911316
2020-01-10 09:00:00,3.77526547700151,3.677027090293454
2020-01-10 10:00:00,3.756168254779364,3.542635232804846
2020-01-10 11:00:00,3.601450000351033,3.511776564097085
2020-01-10 12:00:00,3.713533333684318,3.4976264009110354
2020-01-10 13:00:00,3.706200000351059,3.5559998703249844
2020-01-10 14:00:00,3.7098111114621966,3.6103933901402954
2020-01-10 15:00:00,3.77904259294358,3.460416133747156
2020-01-10 16:00:00,3.7362648151659066,3.53241175481629
2020-01-10 17:00:00,3.8434175929434407,3.5265053481210265
2020-01-10 18:00:00,3.676632336533356,3.3506041127010744
2020-01-10 19:00:00,3.4866323365334138,3.1500471978519546
2020-01-10 20:00:00,3.591187892088736,3.1584084300495565
2020-01-10 21:00:00,3.567715669866889,3.072017779426871
2020-01-10 22:00:00,3.5491045587555905,2.955251396692443
2020-01-10 23:00:00,3.5519517809776517,2.9601021830581518
2020-01-11 00:00:00,3.58601924129525,3.022421005694444
2020-01-11 01:00:00,3.858892257168332,3.097461099470448
2020-01-11 02:00:00,3.835420034946087,3.091615353760058
2020-01-11 03:00:00,3.8199974158984036,3.1808130722542383
2020-01-11 04:00:00,3.8201224158985614,3.453187560144089
2020-01-11 05:00:00,4.172483527009485,3.697816022021074
2020-01-11 06:00:00,4.187136304787378,3.857451400386248
2020-01-11 07:00:00,4.083441707717772,3.910445531686706
2020-01-11 08:00:00,4.089761152162162,3.901046308872506
2020-01-11 09:00:00,4.265941707717784,3.896844318123946
2020-01-11 10:00:00,4.136239326765328,3.865458613911032
2020-01-11 11:00:00,3.8692323823207713,3.7610943507650627
2020-01-11 12:00:00,3.8180796045431005,3.7499220762309884
2020-01-11 13:00:00,3.7315448823209967,3.764420722940049
2020-01-11 14:00:00,3.6638504378762353,3.796640083878017
2020-01-11 15:00:00,3.6553643267657465,3.8119252333618503
2020-01-11 16:00:00,3.631711548987232,3.8218414261020475
2020-01-11 17:00:00,3.4622323823209253,3.8425984147738634
2020-01-11 18:00:00,3.376371271209841,3.795908138585656
2020-01-11 19:00:00,3.2513018267653253,3.657451531593881
2020-01-11 20:00:00,3.15941293787647,3.619724174526359
2020-01-11 21:00:00,3.0435796045431545,3.5712036356230294
2020-01-11 22:00:00,2.995079604543181,3.5397820497113455
2020-01-11 23:00:00,2.967639128352625,3.526679146243822
2020-01-12 00:00:00,2.923055795019366,3.5070017551566277
2020-01-12 01:00:00,2.926972461686032,3.5211439199802017
2020-01-12 02:00:00,3.065097461685994,3.528820195250105
2020-01-12 03:00:00,3.045611350574859,3.605270931018347
2020-01-12 04:00:00,2.8471391283527177,3.6085976827567556
2020-01-12 05:00:00,3.014875239463525,3.810298969916007
2020-01-12 06:00:00,3.0785141283529005,3.8889261507982376
2020-01-12 07:00:00,3.303146481293865,3.8903538134480344
2020-01-12 08:00:00,3.3889798146269863,4.010334896643824
2020-01-12 09:00:00,3.416662506934866,3.9640919786257536
2020-01-12 10:00:00,3.5008013958235744,3.864288516134793
2020-01-12 11:00:00,3.224130099527473,3.697723011155168
2020-01-12 12:00:00,2.984685655083216,3.5472741549603093
2020-01-12 13:00:00,2.9933939884161336,3.538240180515235
2020-01-12 14:00:00,3.263324543971921,3.5378481414716934
2020-01-12 15:00:00,3.0213800995274744,3.4763367762919613
2020-01-12 16:00:00,3.1398800995274345,3.532595428085533
2020-01-12 17:00:00,3.385893988416373,3.513982128103983
2020-01-12 18:00:00,3.334116210638616,3.4149490066509802
2020-01-12 19:00:00,3.1398523217496743,3.2694309101154784
2020-01-12 20:00:00,2.9436486180459926,3.2175142689660716
2020-01-12 21:00:00,3.001440284712621,3.132855565530514
2020-01-12 22:00:00,2.952926395823756,3.0826203626311113
2020-01-12 23:00:00,3.1267597291569147,3.0831931711518568
2020-01-13 00:00:00,3.0567597291570907,3.1018998109468847
2020-01-13 01:00:00,3.1033569513795225,3.122086385729594
2020-01-13 02:00:00,3.3375166736013284,3.115022497556719
2020-01-13 03:00:00,3.3701694513793425,3.152635998303963
2020-01-13 04:00:00,3.915173419633085,3.2929903299410412
2020-01-13 05:00:00,4.018562308522162,3.4475737041288785
2020-01-13 06:00:00,4.226451197411257,3.4987990177625483
2020-01-13 07:00:00,3.972946567781257,3.5688294985590376
2020-01-13 08:00:00,4.017307678892509,3.460986873954722
2020-01-13 09:00:00,3.889446567781441,3.491405382019138
2020-01-13 10:00:00,3.8590785122259055,3.5017282158011773
2020-01-13 11:00:00,3.3637105993416943,3.330785881763071
2020-01-13 12:00:00,3.1467244882304923,3.236997336037519
2020-01-13 13:00:00,3.1360022660083526,3.1746300901263655
2020-01-13 14:00:00,3.3139189326749743,3.230833374739144
2020-01-13 15:00:00,3.112460599341675,3.158223930810745
2020-01-13 16:00:00,3.367451340082403,3.318236229584028
2020-01-13 17:00:00,3.5090233522203857,3.3686597187876024
2020-01-13 18:00:00,3.3398150188872564,3.365259410445562
2020-01-13 19:00:00,3.3283844633319224,3.2540974520656314
2020-01-13 20:00:00,3.1838705744425755,3.235728725537268
2020-01-13 21:00:00,3.194745574442865,3.1139946148801037
2020-01-13 22:00:00,3.149537241109269,3.042348664064432
2020-01-13 23:00:00,3.1485094633319055,3.1453783905266604
2020-01-14 00:00:00,3.119037241109505,3.1374708012743535
2020-01-14 01:00:00,3.2179261299981334,3.273157270153956
2020-01-14 02:00:00,3.23895390777614,3.238117835197855
2020-01-14 03:00:00,3.282148352220594,3.377606976332165
2020-01-14 04:00:00,3.534912241109502,3.5595693590156836
2020-01-14 05:00:00,3.783328907776168,3.7367775402355257
2020-01-14 06:00:00,3.8380511299983056,3.9349257051028546
2020-01-14 07:00:00,3.5569076114798746,3.9347984173324666
2020-01-14 08:00:00,3.512388302536768,3.8090950462321547
2020-01-14 09:00:00,3.5398883025367627,3.702719855568345
2020-01-14 10:00:00,3.440811913647872,3.645948209149826
2020-01-14 11:00:00,3.30521924938899,3.4322253178476907
2020-01-14 12:00:00,3.179122027166969,3.2312818566932524
2020-01-14 13:00:00,3.1354345271669253,3.2041308302281686
2020-01-14 14:00:00,3.175017860500355,3.362378149716713
2020-01-14 15:00:00,3.351059527166912,3.410674478111908
2020-01-14 16:00:00,3.328036379018662,3.577719185373974
2020-01-14 17:00:00,3.410300267907852,3.571143014273294
2020-01-14 18:00:00,3.341744712352184,3.4648788349676947
2020-01-14 19:00:00,3.3067447123519305,3.317484515580807
2020-01-14 20:00:00,3.175529434574383,3.1083141578929685
2020-01-14 21:00:00,2.845578045685501,3.0507483159049946
2020-01-14 22:00:00,2.842147490129878,2.989663628515847
2020-01-14 23:00:00,2.7875641567966327,3.033451016373623
2020-01-15 00:00:00,2.739855823463033,3.0283824552670087
2020-01-15 01:00:00,2.7552743670069644,3.0889477674234294
2020-01-15 02:00:00,2.7515243670066414,3.1065085235292607
2020-01-15 03:00:00,2.813052144784796,3.125829109422772
2020-01-15 04:00:00,2.941385478117894,3.261119166847952
2020-01-15 05:00:00,3.351454922562108,3.42087577550649
2020-01-15 06:00:00,3.3583854781179663,3.5146476774628743
2020-01-15 07:00:00,3.201677144784552,3.497836289042757
2020-01-15 08:00:00,3.320704922562359,3.4339857984204856
2020-01-15 09:00:00,3.426885478117932,3.4078996943111064
2020-01-15 10:00:00,3.262371589228812,3.3857998900935624
2020-01-15 11:00:00,3.0742505574831958,3.3192825856826715
2020-01-15 12:00:00,3.127884816742261,3.2047696875939935
2020-01-15 13:00:00,3.124169538964272,3.288184681316245
2020-01-15 14:00:00,3.1217528722977264,3.3019272125540042
2020-01-15 15:00:00,3.324252872297904,3.404319860459738
2020-01-15 16:00:00,3.326683427853347,3.48573750959909
2020-01-15 17:00:00,3.3050862056311376,3.613406213053925
2020-01-15 18:00:00,3.2011377929325064,3.4295048892136477
2020-01-15 19:00:00,3.1607072373773546,3.302310278624539
2020-01-15 20:00:00,3.01959612626587,3.122966743041456
2020-01-15 21:00:00,3.0142604781179574,2.9818629981618088
2020-01-15 22:00:00,3.0920243670069705,2.8638415876192025
2020-01-15 23:00:00,2.8805660336732872,2.8227958874036574
2020-01-16 00:00:00,3.0869549225623403,2.8810218753624053
2020-01-16 01:00:00,3.108066033673484,2.920098897117705
2020-01-16 02:00:00,3.1058715892290225,2.9673435717774503
2020-01-16 03:00:00,3.218621589229005,2.9954392483973336
2020-01-16 04:00:00,3.3416077003399662,3.1856548964400457
2020-01-16 05:00:00,3.6627743670069854,3.4048631489057346
2020-01-16 06:00:00,3.674903996636471,3.505374291182168
2020-01-16 07:00:00,3.5503484410806094,3.5103272825861747
2020-01-16 08:00:00,3.5463345521920244,3.5034508212097664
2020-01-16 09:00:00,3.532862329969762,3.507618403573163
2020-01-16 10:00:00,3.405028996636434,3.4956380563464613
2020-01-16 11:00:00,3.252251218858658,3.4161322012097224
2020-01-16 12:00:00,3.194834552191795,3.3256985324643504
2020-01-16 13:00:00,3.1363901077477476,3.341377066326473
2020-01-16 14:00:00,3.253380006737225,3.328972703199428
2020-01-16 15:00:00,3.252819821552276,3.392434557662891
2020-01-16 16:00:00,3.3489170437746125,3.4382635498704532
2020-01-16 17:00:00,3.3770420437743507,3.440821933914724
2020-01-16 18:00:00,3.212971336703748,3.391109207865911
2020-01-16 19:00:00,3.184205463687687,3.3731022747489368
2020-01-16 20:00:00,3.0861776859101298,3.2782802816653396
2020-01-16 21:00:00,3.069872130354589,3.2020274529460333
2020-01-16 22:00:00,3.024663797021195,3.148045654030098
2020-01-16 23:00:00,3.077913797021202,3.092699807212252
2020-01-17 00:00:00,3.1330943525767885,3.169413735359042
2020-01-17 01:00:00,3.1320328446402765,3.0808585254236576
2020-01-17 02:00:00,3.1276320509895483,3.1003682085313984
2020-01-17 03:00:00,3.3074237176561185,3.1036015608609846
2020-01-17 04:00:00,3.319159828767261,3.2704477738708704
2020-01-17 05:00:00,3.6689388691712574,3.5105145972901295
2020-01-17 06:00:00,3.858073484555789,3.707070864012905
2020-01-17 07:00:00,3.719004040111683,3.6488075228847188
2020-01-17 08:00:00,3.741759992492416,3.623240935604473
2020-01-17 09:00:00,3.665852443722256,3.543915618421648
2020-01-17 10:00:00,3.5210607770556375,3.5350452770363536
2020-01-17 11:00:00,3.4984218881665328,3.3994437861386113
2020-01-17 12:00:00,3.494213554833373,3.346412155618828
2020-01-17 13:00:00,3.2499218881665173,3.303262468068878
2020-01-17 14:00:00,3.305338554833443,3.2692941146368892
2020-01-17 15:00:00,3.2822691103890875,3.3468280259186787
2020-01-17 16:00:00,3.2251371659443713,3.504337492470243
2020-01-17 17:00:00,3.3306927214999846,3.5099270389557518
2020-01-17 18:00:00,3.19587327705563,3.3541628801245094
2020-01-17 19:00:00,2.9073775505598927,3.2544800289539237
2020-01-17 20:00:00,2.7601344950043867,3.1922255241330943
2020-01-17 21:00:00,2.87487060611542,3.1454260069902324
2020-01-17 22:00:00,2.8293844950043234,3.0807194908901816
2020-01-17 23:00:00,2.610794217226571,3.0749185648584834
2020-01-18 00:00:00,2.951345804527956,3.0685456730964553
2020-01-18 01:00:00,2.818498582306113,3.0801981945365835
2020-01-18 02:00:00,2.6694360823059333,3.0756202478254835
2020-01-18 03:00:00,2.736301192608515,3.1633652047898972
2020-01-18 04:00:00,2.9617734148307635,3.337688849282619
2020-01-18 05:00:00,3.096773414830575,3.618132656864369
2020-01-18 06:00:00,3.245578970386264,3.7518711269128957
2020-01-18 07:00:00,3.4436246053067823,3.7591299158066733
2020-01-18 08:00:00,3.617860716418047,3.764627410395141
2020-01-18 09:00:00,3.680096827529345,3.7159695703823874
2020-01-18 10:00:00,3.561207607952262,3.6261484693215134
2020-01-18 11:00:00,3.5514298301747043,3.5392465730004914
2020-01-18 12:00:00,3.592193719063536,3.5033579150933902
2020-01-18 13:00:00,3.4941381635079876,3.4604643736226324
2020-01-18 14:00:00,3.3717492746191327,3.4134850969077757
2020-01-18 15:00:00,3.422054830174643,3.383231447396495
2020-01-18 16:00:00,3.4895281207729583,3.410774860891593
2020-01-18 17:00:00,3.603104128098991,3.403956221502935
2020-01-18 18:00:00,3.476127276246885,3.25740702163617
2020-01-18 19:00:00,3.314905054025111,3.0426553654135535
2020-01-18 20:00:00,3.169085609580412,2.943635548864182
2020-01-18 21:00:00,3.1757522762470978,2.900650785500157
2020-01-18 22:00:00,2.9632661651360324,2.835349520833546
2020-01-18 23:00:00,2.983807831802504,2.78134211297325
2020-01-19 00:00:00,3.3797800540248955,2.890957473916907
2020-01-19 01:00:00,3.411932831802429,2.951090295985976
2020-01-19 02:00:00,3.1448494984695565,2.945269516639209
2020-01-19 03:00:00,3.17772912809895,3.0224374741953395
2020-01-19 04:00:00,3.430794604289288,3.0983975300919786
2020-01-19 05:00:00,3.696248969368796,3.3174339855413626
2020-01-19 06:00:00,3.8097959779157655,3.439193515065036
2020-01-19 07:00:00,3.8138932001380463,3.5694442387470535
2020-01-19 08:00:00,3.978684866804752,3.7370946114003094
2020-01-19 09:00:00,3.825698755693602,3.7795477974179303
2020-01-19 10:00:00,3.865045977915781,3.7951942503301765
2020-01-19 11:00:00,3.4549388350584667,3.6831573174149224
2020-01-19 12:00:00,3.1049289144236627,3.5689856975480936
2020-01-19 13:00:00,3.0398131736830876,3.516185017554001
2020-01-19 14:00:00,3.032868729238626,3.4241895021621302
2020-01-19 15:00:00,3.2714937292387387,3.463700421841668
2020-01-19 16:00:00,3.4026742847941422,3.566879560485744
2020-01-19 17:00:00,3.4725353959050675,3.6226909459448153
2020-01-19 18:00:00,3.455452062571838,3.6490012485228718
2020-01-19 19:00:00,3.3372228959052666,3.4993198557425487
2020-01-19 20:00:00,3.170806229238554,3.420633561693835
2020-01-19 21:00:00,3.0653201181274614,3.38492597174493
2020-01-19 22:00:00,3.2700423403495003,3.261351559042607
2020-01-19 23:00:00,3.195375673683001,3.226371100463919
2020-01-20 00:00:00,3.1743895625719087,3.3638348827665294
2020-01-20 01:00:00,3.128972895905198,3.353934036389011
2020-01-20 02:00:00,3.1849728959052905,3.272277832105619
2020-01-20 03:00:00,3.197715951460783,3.305263482417556
2020-01-20 04:00:00,3.421202062571896,3.549779549919674
2020-01-20 05:00:00,3.7231306340002956,3.7770785210985185
2020-01-20 06:00:00,3.8008137148085024,3.8384792843348166
2020-01-20 07:00:00,3.8340081592530435,3.8881566365120728
2020-01-20 08:00:00,3.6780801289501404,3.9335317837579344
2020-01-20 09:00:00,3.5809967956166613,3.8363469418938574
2020-01-20 10:00:00,3.548982906727723,3.7390687061129304
2020-01-20 11:00:00,3.4782648779385754,3.5342723123858835
2020-01-20 12:00:00,3.422284689594816,3.3657767755119776
2020-01-20 13:00:00,3.342113817763452,3.22487199724197
2020-01-20 14:00:00,3.3623221510968455,3.229094741406554
2020-01-20 15:00:00,3.4384888177634125,3.3156163057052503
2020-01-20 16:00:00,3.462655484430005,3.6281172054523263
2020-01-20 17:00:00,3.5289193733189608,3.6532766398515526
2020-01-20 18:00:00,3.3408997029309533,3.6427738358752157
2020-01-20 19:00:00,3.3326358140421086,3.6003553479990957
2020-01-20 20:00:00,3.2409598881160666,3.400530193911986
2020-01-20 21:00:00,3.1968626658939625,3.178571459706645
2020-01-20 22:00:00,2.985265443671596,3.17562475766698
2020-01-20 23:00:00,2.983094147375245,3.2188797957816226
2020-01-21 00:00:00,3.078844147375301,3.2736985581831455
2020-01-21 01:00:00,3.154441369597653,3.260251354809125
2020-01-21 02:00:00,3.162899702930898,3.2126300528761713
2020-01-21 03:00:00,3.292358036264509,3.30379233210804
2020-01-21 04:00:00,3.5098302584862857,3.2972225991424158
2020-01-21 05:00:00,3.658913591819848,3.478016621919386
2020-01-21 06:00:00,3.68033025848645,3.604589129233833
2020-01-21 07:00:00,3.4964979935291898,3.4958192851635066
2020-01-21 08:00:00,3.513150771307082,3.235957216729369
2020-01-21 09:00:00,3.4279146601958654,3.1354006532387992
2020-01-21 10:00:00,3.285011882417928,3.122075810284814
2020-01-21 11:00:00,3.2049841046402907,2.887401838652387
2020-01-21 12:00:00,2.905956326862605,2.765910805610248
2020-01-21 13:00:00,2.68371484918464,2.803226076604582
2020-01-21 14:00:00,2.76978429362924,2.9232234763981664
2020-01-21 15:00:00,3.0348676269621992,2.940892915856339
2020-01-21 16:00:00,3.221478738073521,3.1306940771507117
2020-01-21 17:00:00,3.247913923258501,3.167594508498339
2020-01-21 18:00:00,3.2159694788142934,3.1449585276314136
2020-01-21 19:00:00,3.2141083677031053,2.9940258239136153
2020-01-21 20:00:00,3.106212097306886,2.8901894976872105
2020-01-21 21:00:00,3.1591426528624225,2.771412920830051
2020-01-21 22:00:00,3.0482954306402115,2.6509190734541286
2020-01-21 23:00:00,3.171455152862455,2.752162699946981
2020-01-22 00:00:00,3.1063162639735014,2.6839826418313253
2020-01-22 01:00:00,3.1238857084179688,2.778531794792747
2020-01-22 02:00:00,3.251964412121689,2.947376542958889
2020-01-22 03:00:00,3.3665269121217056,3.008898668476865
2020-01-22 04:00:00,3.465596356565942,3.2400757678355196
2020-01-22 05:00:00,3.857735245454952,3.387158231137547
2020-01-22 06:00:00,3.923985245454858,3.483396713429973
2020-01-22 07:00:00,3.7214991343443646,3.3585521747175657
2020-01-22 08:00:00,3.6215546898994253,3.225917347624709
2020-01-22 09:00:00,3.5369644121214865,3.187772605258201
2020-01-22 10:00:00,3.1437421898994806,3.1143800430785227
2020-01-22 11:00:00,2.933672745455057,2.980331762870069
2020-01-22 12:00:00,2.74182702763848,2.862573961732429
2020-01-22 13:00:00,2.648889527638571,2.8373609038163408
2020-01-22 14:00:00,2.6222565911306,2.851331593017395
2020-01-22 15:00:00,2.920138204887212,2.9597230467338087
2020-01-22 16:00:00,3.0792632048872193,3.1315042045387353
2020-01-22 17:00:00,3.315866379490389,3.1306499061307322
2020-01-22 18:00:00,3.2702413794903498,3.0600203640145005
2020-01-22 19:00:00,3.2050886017126343,3.0332125041390947
2020-01-22 20:00:00,3.2615469350459376,2.993875906814539
2020-01-22 21:00:00,3.2692076493316584,2.974079218342196
2020-01-22 22:00:00,3.314445744569788,2.914232907365371
2020-01-22 23:00:00,3.4080985223475024,2.9769057077137075
2020-01-23 00:00:00,3.2975462736702696,3.009453729465302
2020-01-23 01:00:00,3.359947067321093,2.9739990485250476
2020-01-23 02:00:00,3.5674470673210794,2.8918260131830706
2020-01-23 03:00:00,3.7430026228766082,2.9158132205004663
2020-01-23 04:00:00,3.8467684958925394,3.1576682930384337
2020-01-23 05:00:00,4.021639527638493,3.4462756400377406
2020-01-23 06:00:00,4.006187291866232,3.538031688331812
2020-01-23 07:00:00,3.896127768056597,3.5389623265105508
2020-01-23 08:00:00,3.653865863294784,3.518848453934148
2020-01-23 09:00:00,3.6617322334487614,3.478237925494075
2020-01-23 10:00:00,3.5851870945598603,3.3541269336100763
2020-01-23 11:00:00,3.4555184437661866,3.143246108396099
2020-01-23 12:00:00,3.383802173925048,3.0660408256724514
2020-01-23 13:00:00,3.3635938405915464,3.0545652899926337
2020-01-23 14:00:00,3.283913781067837,3.0168041765161413
2020-01-23 15:00:00,3.3298860032900026,3.183068762850919
2020-01-23 16:00:00,3.3211939037229277,3.3865174066512074
2020-01-23 17:00:00,3.3249577926118428,3.532477370424013
2020-01-23 18:00:00,3.1948443666859005,3.5528396876040973
2020-01-23 19:00:00,3.1431717476382666,3.4390882663444335
2020-01-23 20:00:00,3.062671747638256,3.3471872077204052
2020-01-23 21:00:00,2.995741192082733,3.2833895722441175
2020-01-23 22:00:00,2.8516995254160014,3.2735981551623867
2020-01-23 23:00:00,2.778387025416136,3.2920440061169507
2020-01-24 00:00:00,2.8264227397017394,3.1338393144925214
2020-01-24 01:00:00,2.8362005174795324,3.1699776928540544
2020-01-24 02:00:00,2.8532491285906514,3.146835912512532
2020-01-24 03:00:00,2.9523602397017874,3.2571847644527403
2020-01-24 04:00:00,3.1163880174795167,3.426252989660594
2020-01-24 05:00:00,3.4210338508128695,3.5655959595742686
2020-01-24 06:00:00,3.4987769063684344,3.632917119923201
2020-01-24 07:00:00,3.504394961924028,3.5454979574721
2020-01-24 08:00:00,3.4110060730350567,3.4805402911100565
2020-01-24 09:00:00,3.4092630174795215,3.451529384405926
2020-01-24 10:00:00,3.4486102397017846,3.337222775326773
2020-01-24 11:00:00,3.3171866285905907,3.1730808032062483
2020-01-24 12:00:00,3.1523208878499505,3.0900993880332535
2020-01-24 13:00:00,3.059987554516657,3.1087042886880605
2020-01-24 14:00:00,2.8967678124530525,3.061673774245578
2020-01-24 15:00:00,3.0906219791197778,3.073531916486202
2020-01-24 16:00:00,3.0920386457864275,3.1776865665443186
2020-01-24 17:00:00,2.564955312453088,3.132704470842729
2020-01-24 18:00:00,3.396566423564176,3.050394551031
2020-01-24 19:00:00,3.206330312453083,2.9241196648710566
2020-01-24 20:00:00,3.170844201341996,2.8704804673030138
2020-01-24 21:00:00,3.127126608749374,2.812013214952642
2020-01-24 22:00:00,3.0312238309715704,2.7821253174092613
2020-01-24 23:00:00,3.127834942082772,2.7889893983629452
2020-01-25 00:00:00,3.1087793865271736,2.806421329341241
2020-01-25 01:00:00,3.181119664304928,2.8056194444600577
2020-01-25 02:00:00,3.310647442082696,2.8125352394193928
2020-01-25 03:00:00,3.4155085531938516,2.9333698977493303
2020-01-25 04:00:00,3.1477863309716025,3.1906051074757316
2020-01-25 05:00:00,3.238084942082719,3.396453670204309
2020-01-25 06:00:00,3.5172689698604986,3.4701415289805593
2020-01-25 07:00:00,3.7499078587493857,3.520666371923716
2020-01-25 08:00:00,3.5868324619240344,3.4875068555702624
2020-01-25 09:00:00,3.4506102397017044,3.4727658072527094
2020-01-25 10:00:00,3.2240130174795896,3.4203406151071514
2020-01-25 11:00:00,3.078763017479522,3.3238099234693212
2020-01-25 12:00:00,2.9385657952573454,3.2582410577959626
2020-01-25 13:00:00,2.861998334939788,3.237677652103997
2020-01-25 14:00:00,3.0428455571621322,3.1692380201259853
2020-01-25 15:00:00,3.0130571973736964,3.2174285452735227
2020-01-25 16:00:00,3.158293308484815,3.280722915465604
2020-01-25 17:00:00,3.116932197373718,3.163052526546023
2020-01-25 18:00:00,2.966098864040432,3.2878094011811387
2020-01-25 19:00:00,2.7820294195959883,3.1263355851756223
2020-01-25 20:00:00,2.713666324357779,3.088835904467689
2020-01-25 21:00:00,2.828596879913448,3.047955637442728
2020-01-25 22:00:00,2.818504618008623,3.025655936927352
2020-01-25 23:00:00,2.8277407291197405,3.0602603079879986
2020-01-26 00:00:00,2.907990729119769,3.0037544547388424
2020-01-26 01:00:00,2.977273136527188,3.1832624257126123
2020-01-26 02:00:00,2.926023136527156,3.2486079298622723
2020-01-26 03:00:00,3.040953692082709,3.274229805116509
2020-01-26 04:00:00,3.10671758097161,3.2528304216594646
2020-01-26 05:00:00,3.2100092476382818,3.415647030435326
2020-01-26 06:00:00,3.3315856365271284,3.5624086991656676
2020-01-26 07:00:00,3.421543969860503,3.705399280103882
2020-01-26 08:00:00,3.575155080971644,3.7759709291096786
2020-01-26 09:00:00,3.5875300809715798,3.713132494580789
2020-01-26 10:00:00,3.5738032291198047,3.592121339209526
2020-01-26 11:00:00,3.346150451341936,3.4145692886417396
2020-01-26 12:00:00,3.259912356103848,3.2248108625151866
2020-01-26 13:00:00,3.2220338207504287,3.2218286423612845
2020-01-26 14:00:00,3.2325060429725196,3.234950557825906
2020-01-26 15:00:00,3.227269931861452,3.237319143225624
2020-01-26 16:00:00,3.283769931861473,3.3429502524727694
2020-01-26 17:00:00,3.300019931861448,3.2620421593362714
2020-01-26 18:00:00,3.264209167972632,3.2360548941774527
2020-01-26 19:00:00,3.194100040988407,3.0917707846980007
2020-01-26 20:00:00,3.070725040988447,3.067603127482516
2020-01-26 21:00:00,3.127002818766225,3.0196659700892847
2020-01-26 22:00:00,3.0711000409884446,3.003707308502098
2020-01-26 23:00:00,3.0091000409884296,3.0174928493453375
2020-01-27 00:00:00,3.021120243008649,3.126912085601639
2020-01-27 01:00:00,3.0036202430086165,3.129852624211165
2020-01-27 02:00:00,3.1816010122394314,3.100210908560044
2020-01-27 03:00:00,3.2413649011283097,3.154610698791778
2020-01-27 04:00:00,3.4500315677949964,3.375963813891944
2020-01-27 05:00:00,3.692184345572714,3.5245037345280896
2020-01-27 06:00:00,3.7240593455727584,3.5971276914934247
2020-01-27 07:00:00,3.464892678906054,3.6827368354866175
2020-01-27 08:00:00,3.619087123350541,3.5494681048355536
2020-01-27 09:00:00,3.735962123350553,3.5342966221268073
2020-01-27 10:00:00,3.4648371233505113,3.44767445571265
2020-01-27 11:00:00,3.249059345572729,3.285103735963528
2020-01-27 12:00:00,3.1525315677949988,3.162716306363717
2020-01-27 13:00:00,3.093573234461609,3.1626695570680163
2020-01-27 14:00:00,3.066212123350521,3.181815304560244
2020-01-27 15:00:00,3.1093093455727456,3.2108362296391246
2020-01-27 16:00:00,3.323489901128324,3.390188760557709
2020-01-27 17:00:00,3.078142678906049,3.396912851522364
2020-01-27 18:00:00,3.0448787900171808,3.364963649084714
2020-01-27 19:00:00,2.970364901128336,3.2744604172473575
2020-01-27 20:00:00,3.03907323446161,3.2131042101141944
2020-01-27 21:00:00,2.966906567794941,3.2007764496936857
2020-01-27 22:00:00,2.7694065677949773,3.193157363536633
2020-01-27 23:00:00,2.786489901128329,3.206322721635831
2020-01-28 00:00:00,3.065073234461653,3.170540685192988
2020-01-28 01:00:00,3.1471704566838077,3.1974855375271534
2020-01-28 02:00:00,2.8135037900172644,3.140590554272371
2020-01-28 03:00:00,3.1195454566838308,3.2513266323274768
2020-01-28 04:00:00,3.198796830310202,3.4295692128018223
2020-01-28 05:00:00,3.3433384969769246,3.56315805372652
2020-01-28 06:00:00,3.502088496976898,3.669929452770801
2020-01-28 07:00:00,3.659414885865791,3.649379288704831
2020-01-28 08:00:00,3.496706552532482,3.436063578166262
2020-01-28 09:00:00,3.386150996976846,3.39179732142883
2020-01-28 10:00:00,3.274150996976937,3.2689475741680236
2020-01-28 11:00:00,3.2934218303102107,3.096650362048174
2020-01-28 12:00:00,3.3616162747546516,2.9599832435173297
2020-01-28 13:00:00,3.086032941421366,2.9232861745759884
2020-01-28 14:00:00,3.0960329414213446,3.00012533474875
2020-01-28 15:00:00,3.3675919691991427,3.084875335109386
2020-01-28 16:00:00,3.4415503025324266,3.2423940151787067
2020-01-28 17:00:00,3.406411413643583,3.1665896342981714
2020-01-28 18:00:00,3.0993581474652827,3.1298814034222597
2020-01-28 19:00:00,3.046510925243086,2.9949270430837127
2020-01-28 20:00:00,3.1104414807986367,2.970866563422323
2020-01-28 21:00:00,3.0797470363541604,2.9442655353225713
2020-01-28 22:00:00,3.02196925857646,2.901194872567567
2020-01-28 23:00:00,2.977247036354134,2.92064936763838
2020-01-29 00:00:00,2.981233147465356,2.9889441066084874
2020-01-29 01:00:00,3.037979179211307,3.051284958389416
2020-01-29 02:00:00,3.031381956989093,3.04035445829345
2020-01-29 03:00:00,3.1692291792113862,3.1283861792013603
2020-01-29 04:00:00,3.3050069569890312,3.2613591511432416
2020-01-29 05:00:00,3.692965290322555,3.41833696395616
2020-01-29 06:00:00,3.7114097347667743,3.5013160756217596
2020-01-29 07:00:00,3.6822998648574443,3.5805524792070016
2020-01-29 08:00:00,3.579559785492296,3.5295345918912333
2020-01-29 09:00:00,3.548045896603409,3.5225876609143736
2020-01-29 10:00:00,3.5354514317341272,3.422650454490749
2020-01-29 11:00:00,3.1540208761785924,3.327526567114235
2020-01-29 12:00:00,2.852562542845241,3.2998414094958757
2020-01-29 13:00:00,2.6556319872897127,3.2505361964780164
2020-01-29 14:00:00,2.7130347650674262,3.260577993584633
2020-01-29 15:00:00,3.156506987289718,3.3702854277954426
2020-01-29 16:00:00,3.05407643173412,3.4906673980352725
2020-01-29 17:00:00,3.247548653956383,3.5282367375917865
2020-01-29 18:00:00,3.1798680984008323,3.4257132481180945
2020-01-29 19:00:00,3.176645876178444,3.311981865705622
2020-01-29 20:00:00,3.065618098400856,3.298704256730035
2020-01-29 21:00:00,3.048951431734124,3.2411776690397343
2020-01-29 22:00:00,2.9636319872897157,3.2156998748341192
2020-01-29 23:00:00,2.956756987289662,3.206292543604041
2020-01-30 00:00:00,2.9460709170282806,3.289999213438587
2020-01-30 01:00:00,3.0167514725838025,3.3329212796932226
2020-01-30 02:00:00,3.1549042503614895,3.308514536850152
2020-01-30 03:00:00,3.2317182092786605,3.330839846042399
2020-01-30 04:00:00,3.410676542611709,3.517604184083795
2020-01-30 05:00:00,3.7295654315007405,3.7634150769892343
2020-01-30 06:00:00,3.667968209278442,3.8420918088294376
2020-01-30 07:00:00,3.6332182092784753,3.8669049505364734
2020-01-30 08:00:00,3.599923456192023,3.853096934638096
2020-01-30 09:00:00,3.58881234508099,3.8019927011459864
2020-01-30 10:00:00,3.4151377419063285,3.796092130662379
2020-01-30 11:00:00,3.602082186350855,3.622228494566787
2020-01-30 12:00:00,3.4950405196841063,3.481412898447285
2020-01-30 13:00:00,3.378929408573032,3.4337104195221717
2020-01-30 14:00:00,3.417503482647094,3.433094325285866
2020-01-30 15:00:00,3.5083606255042397,3.545005880848251
2020-01-30 16:00:00,3.517582847726401,3.635621163147009
2020-01-30 17:00:00,3.555180069948783,3.630495377358381
2020-01-30 18:00:00,3.150874514393049,3.5162000672368317
2020-01-30 19:00:00,3.241513403282112,3.379601048431946
2020-01-30 20:00:00,3.160263403281905,3.2975840247136747
2020-01-30 21:00:00,3.0626384032820377,3.296096408869348
2020-01-30 22:00:00,2.907975704869314,3.2155427583865372
2020-01-30 23:00:00,2.634040519684148,3.2160646918982754
2020-01-31 00:00:00,2.812234964128588,3.243952215408046
2020-01-31 01:00:00,2.9492488530173997,3.2589179880998698
2020-01-31 02:00:00,2.917762741906414,3.2503201943150586
2020-01-31 03:00:00,2.9678599641285546,3.3491120544667465
2020-01-31 04:00:00,3.2197349641285555,3.535614318674544
2020-01-31 05:00:00,3.505040519684196,3.778904265644668
2020-01-31 06:00:00,3.654901630795165,3.8513614421847997
2020-01-31 07:00:00,3.277506147601984,3.855521037311832
2020-01-31 08:00:00,3.284200592046465,3.881406502054187
2020-01-31 09:00:00,3.321492258712982,3.844596363332318
2020-01-31 10:00:00,3.1905115676562463,3.7711529293578194
2020-01-31 11:00:00,3.202225124161324,3.7066188924903014
2020-01-31 12:00:00,3.203058457494722,3.636236176483041
2020-01-31 13:00:00,3.160086235272526,3.56371550821744
2020-01-31 14:00:00,3.208752901939109,3.586200474122606
2020-01-31 15:00:00,3.245898735272573,3.620551788676741
2020-01-31 16:00:00,3.0910029019391003,3.6733496830035373
2020-01-31 17:00:00,3.1935723463836623,3.648800874686395
2020-01-31 18:00:00,3.263780679716935,3.4336618348925136
2020-01-31 19:00:00,2.9120584574946893,3.270207783480565
2020-01-31 20:00:00,2.861627901939178,3.123388188144882
2020-01-31 21:00:00,2.7729473463836154,3.034052643795198
2020-01-31 22:00:00,2.667391790828056,2.9902961228627505
2020-01-31 23:00:00,2.6277188901655504,2.9636724121364386
2020-02-01 00:00:00,2.680547284937063,3.0394104006460596
2020-02-01 01:00:00,2.8766200021169794,3.0380715958921916
2020-02-01 02:00:00,2.634044370698845,3.0212704386877682
2020-02-01 03:00:00,2.75936354916117,3.11143319912956
2020-02-01 04:00:00,2.79852535876428,3.3890514722433926
2020-02-01 05:00:00,3.107018281328852,3.607956964033251
2020-02-01 06:00:00,3.1443383717297,3.752437721603033
2020-02-01 07:00:00,3.0584793653461246,3.6899376675713764
2020-02-01 08:00:00,3.0831393708970487,3.702624375535366
2020-02-01 09:00:00,3.329239842726048,3.604618866671123
2020-02-01 10:00:00,3.0332067750443947,3.492594966611201
2020-02-01 11:00:00,2.8483608133458294,3.4246118393834175
2020-02-01 12:00:00,2.672622341437458,3.4102792342435273
2020-02-01 13:00:00,2.658398083874338,3.3847421871958763
2020-02-01 14:00:00,2.646034379025181,3.366477416151695
2020-02-01 15:00:00,2.7220682396968674,3.393640284598737
2020-02-01 16:00:00,2.823303321573075,3.401059382993275
2020-02-01 17:00:00,2.9342128810671744,3.3638033961778744
2020-02-01 18:00:00,2.8816316987190755,3.2673064679026553
2020-02-01 19:00:00,2.7529571814517486,3.0731762906998137
2020-02-01 20:00:00,2.6868872397365124,2.9667818125632275
2020-02-01 21:00:00,2.703341781586552,2.864435014128314
2020-02-01 22:00:00,2.7068458060106453,2.7992264305070087
2020-02-01 23:00:00,2.71980722704868,2.8320628489436173
2020-02-02 00:00:00,2.8632306368333875,2.878989478711099
2020-02-02 01:00:00,3.008717730921832,2.9787795718299908
2020-02-02 02:00:00,3.1027366040829203,2.970257586112828
2020-02-02 03:00:00,3.294937547741004,3.047548793681677
2020-02-02 04:00:00,3.432618448577632,3.0755356917211127
2020-02-02 05:00:00,3.411941235144361,3.342428290472746
2020-02-02 06:00:00,3.408000075000057,3.3977826759039877
2020-02-02 07:00:00,3.7806081288945137,3.4214106642452147
2020-02-02 08:00:00,3.8208246151560274,3.4830368162626018
2020-02-02 09:00:00,3.645373602111264,3.4871586298698127
2020-02-02 10:00:00,3.2937222005015325,3.3996346300358775
2020-02-02 11:00:00,3.031633789329061,3.268942820042807
2020-02-02 12:00:00,2.943179723272931,3.1612573890571394
2020-02-02 13:00:00,2.82272454703091,3.1901530299730925
2020-02-02 14:00:00,2.7271236588822263,3.157160971246174
2020-02-02 15:00:00,2.648610713320825,3.1993125548389396
2020-02-02 16:00:00,2.8422826533709458,3.3145171415254215
2020-02-02 17:00:00,3.0719107410756,3.3050737353998456
2020-02-02 18:00:00,3.2412002220636555,3.2855424185515902
2020-02-02 19:00:00,3.1401733000542174,3.1546620870591786
2020-02-02 20:00:00,2.8546889814308223,3.1074086810867043
2020-02-02 21:00:00,3.0915749098238625,3.0480343631009825
2020-02-02 22:00:00,2.920509131305939,3.039013540508284
2020-02-02 23:00:00,2.924991507103882,3.1868399613895773
2020-02-03 00:00:00,3.10560488484464,3.344638560990805
2020-02-03 01:00:00,3.227309020287391,3.420808359790488
2020-02-03 02:00:00,3.365527171827716,3.522791850304129
2020-02-03 03:00:00,3.4110031640564484,3.5650078421819353
2020-02-03 04:00:00,3.7129459894796777,3.7376227561027267
2020-02-03 05:00:00,4.006631806854103,3.8968720719236702
2020-02-03 06:00:00,4.1076448515390425,3.9526837063612614
2020-02-03 07:00:00,4.179529392199672,4.06447252325094
2020-02-03 08:00:00,4.126004551788943,3.9775390629085563
2020-02-03 09:00:00,3.7953356647502314,3.9409366534619816
2020-02-03 10:00:00,3.2357008366308446,3.806834862054084
2020-02-03 11:00:00,3.2816486578909894,3.6436030944583604
2020-02-03 12:00:00,2.9923758296921887,3.4083424958456807
2020-02-03 13:00:00,3.028873193000573,3.2748295620153596
2020-02-03 14:00:00,3.2664938032763233,3.26134593150912
2020-02-03 15:00:00,3.3101171726907097,3.1968043135102913
2020-02-03 16:00:00,3.3115742917581183,3.4107419598985294
2020-02-03 17:00:00,3.411134182325516,3.518465337068644
2020-02-03 18:00:00,3.200129464035173,3.5417263153127636
2020-02-03 19:00:00,3.1139651565137187,3.3641773605459355
2020-02-03 20:00:00,3.1053176009052823,3.2538895683697513
2020-02-03 21:00:00,3.0476573178078694,3.310196170706873
2020-02-03 22:00:00,2.9330028631866845,3.282133515402097
2020-02-03 23:00:00,2.952847437152868,3.2958089070660477
2020-02-04 00:00:00,2.99911443687526,3.2394097958097845
2020-02-04 01:00:00,3.080851877896723,3.334385433683498
2020-02-04 02:00:00,3.1646709175858208,3.3100609829627716
2020-02-04 03:00:00,3.2673512236799165,3.4521300110859707
2020-02-04 04:00:00,3.465430205480835,3.630727308245388
2020-02-04 05:00:00,3.8634318707597917,3.8568018979260525
2020-02-04 06:00:00,3.9653608188584974,3.9580984459372353
2020-02-04 07:00:00,3.85063085526618,3.963441767341967
2020-02-04 08:00:00,3.642359969892828,3.719824014979761
2020-02-04 09:00:00,3.7045720154104953,3.5601337697281643
2020-02-04 10:00:00,3.7989378216829928,3.2294313581735112
2020-02-04 11:00:00,3.705355093004503,3.001590011254072
2020-02-04 12:00:00,3.836703968941277,2.8454819312333925
2020-02-04 13:00:00,3.854508576212984,2.862339070496405
2020-02-04 14:00:00,3.755896308658102,3.015412720650112
2020-02-04 15:00:00,3.7231557353264297,3.0797095263017
2020-02-04 16:00:00,3.87965726183212,3.1545128702239396
2020-02-04 17:00:00,4.203998088920548,3.169747104161194
2020-02-04 18:00:00,3.99213297651436,3.0479739629001545
2020-02-04 19:00:00,3.8554135760147306,2.9237926694219234
2020-02-04 20:00:00,3.713295896303314,2.886927582936467
2020-02-04 21:00:00,3.717278688421091,2.8102616768731377
2020-02-04 22:00:00,3.649478046099159,2.7705049496737075
2020-02-04 23:00:00,3.7183323738419287,2.7412272417667247
2020-02-05 00:00:00,3.773251885360114,2.7960128559534203
2020-02-05 01:00:00,3.800798374397,2.861075008826189
2020-02-05 02:00:00,3.842558713003758,2.986508182821055
2020-02-05 03:00:00,4.07682182707534,3.1136911903699964
2020-02-05 04:00:00,4.171934035155878,3.33650003518593
2020-02-05 05:00:00,4.523446663521146,3.5883548912587653
2020-02-05 06:00:00,4.70340780701273,3.7439996108318643
2020-02-05 07:00:00,4.582855489499521,3.7665943825041674
2020-02-05 08:00:00,4.427346191692111,3.665151727704087
2020-02-05 09:00:00,4.40920852863358,3.6480716178595647
2020-02-05 10:00:00,3.980052269960257,3.5875258107780237
2020-02-05 11:00:00,3.260994738538009,3.5205905991798656
2020-02-05 12:00:00,3.2880069505835348,3.6111745940312487
2020-02-05 13:00:00,3.434379523340176,3.7057113947730613
2020-02-05 14:00:00,3.5016845469315867,3.698170440861187
2020-02-05 15:00:00,3.6165887933929124,3.7613000258059155
2020-02-05 16:00:00,3.5198499646391177,3.9047674020870193
2020-02-05 17:00:00,3.645120572465872,4.053044821554136
2020-02-05 18:00:00,3.5059572299025312,3.9580786112350506
2020-02-05 19:00:00,3.336610257141775,3.847005279237462
2020-02-05 20:00:00,3.3130188055735896,3.7432001236774366
2020-02-05 21:00:00,3.246088469742312,3.7149690312062047
2020-02-05 22:00:00,3.150001875237774,3.6880806302004974
2020-02-05 23:00:00,3.13309361696816,3.6865262002267802
2020-02-06 00:00:00,3.113054760459694,3.6459615738864377
2020-02-06 01:00:00,3.1088221765018536,3.640910433894885
2020-02-06 02:00:00,3.159407006603737,3.705420988881827
2020-02-06 03:00:00,3.2719521079082656,3.8044207765719067
2020-02-06 04:00:00,3.47289576597089,3.992521687487629
2020-02-06 05:00:00,3.8518716194265146,4.1874930649451425
2020-02-06 06:00:00,3.657505813153867,4.339109093798399
2020-02-06 07:00:00,3.7768210663158954,4.353227366712865
2020-02-06 08:00:00,3.649219067981086,4.290105320046601
2020-02-06 09:00:00,3.381775271145344,4.190122835317974
2020-02-06 10:00:00,3.127403913942815,3.9438607290824996
2020-02-06 11:00:00,2.6539651129437702,3.619911669934442
2020-02-06 12:00:00,3.009294005533139,3.4535637778777253
2020-02-06 13:00:00,2.7798324457220525,3.4202563435806805
2020-02-06 14:00:00,2.653675671605142,3.372762374729776
2020-02-06 15:00:00,2.838119190894636,3.3662452910435428
2020-02-06 16:00:00,2.815957103745043,3.3634546951991906
2020-02-06 17:00:00,3.1470006785437508,3.4126962842017714
2020-02-06 18:00:00,3.144447250844703,3.2791255306639835
2020-02-06 19:00:00,2.994363986897992,3.1324916642709133
2020-02-06 20:00:00,2.9835119191765926,3.0036731259752334
2020-02-06 21:00:00,3.2124530793209276,2.911844698690843
2020-02-06 22:00:00,3.009969038244084,2.8230165368795808
2020-02-06 23:00:00,3.011370648013736,2.8298123514743487
2020-02-07 00:00:00,3.0366273785160307,2.8889253548688747
2020-02-07 01:00:00,3.170161933053968,2.8343234456950706
2020-02-07 02:00:00,3.26087800299564,2.846444454528025
2020-02-07 03:00:00,3.3433093102396647,2.9026248006283364
2020-02-07 04:00:00,3.295543559476342,3.1394606456403333
2020-02-07 05:00:00,3.8218946161355,3.357912631085241
2020-02-07 06:00:00,3.839227394375901,3.495867177072563
2020-02-07 07:00:00,3.661153567009743,3.5385653428658523
2020-02-07 08:00:00,3.87273797898974,3.471457455256788
2020-02-07 09:00:00,3.8771509681654384,3.2890018088596196
2020-02-07 10:00:00,3.672071867415832,3.1768786156576874
2020-02-07 11:00:00,3.666493182986416,2.9240112471535573
2020-02-07 12:00:00,3.547205684473266,2.9402641641801206
2020-02-07 13:00:00,3.57401473894329,2.9168257476952415
2020-02-07 14:00:00,3.485713323456264,2.9453607172534575
2020-02-07 15:00:00,3.4672842365841814,3.008564161909114
2020-02-07 16:00:00,3.5406258963121906,3.0660987493089586
2020-02-07 17:00:00,3.453213379715654,3.1975621881892726
2020-02-07 18:00:00,3.157001889291005,3.177473941897594
2020-02-07 19:00:00,2.948495089402041,3.048583789303017
2020-02-07 20:00:00,3.250049349740636,3.0382777300236707
2020-02-07 21:00:00,3.1998828218472144,3.058094356742889
2020-02-07 22:00:00,3.109333279798918,2.948906341575572
2020-02-07 23:00:00,2.932050459926564,2.9561640386737924
2020-02-08 00:00:00,2.926360756901387,2.8514548999378473
2020-02-08 01:00:00,3.087962200143078,2.875064670622143
2020-02-08 02:00:00,3.1934992525993406,2.966635335961592
2020-02-08 03:00:00,3.22378469190092,3.1361766051568085
2020-02-08 04:00:00,3.4072845531276523,3.3033251450994903
2020-02-08 05:00:00,3.5032184970632567,3.556138888911838
2020-02-08 06:00:00,3.5875232431082584,3.6521761369204944
2020-02-08 07:00:00,3.720259851490088,3.619636319984169
2020-02-08 08:00:00,3.564750553682803,3.701437694973402
2020-02-08 09:00:00,3.9657219663943537,3.6948501596179013
2020-02-08 10:00:00,3.7489997904298846,3.66002342073885
2020-02-08 11:00:00,3.2326245475767403,3.5445334775565196
2020-02-08 12:00:00,3.012544059094928,3.5015190351791494
2020-02-08 13:00:00,3.315014222847328,3.4985983475879348
2020-02-08 14:00:00,3.3619750887924136,3.481252207060427
2020-02-08 15:00:00,3.418580695231338,3.4341672036596558
2020-02-08 16:00:00,3.3585156269568497,3.5030217695870496
2020-02-08 17:00:00,3.377652457375832,3.4838555186319935
2020-02-08 18:00:00,3.111915571447432,3.323335583112732
2020-02-08 19:00:00,3.125362698841318,3.1313567243807587
2020-02-08 20:00:00,3.1637830628236956,3.1446131137051703
2020-02-08 21:00:00,3.134668436123662,3.051832844626542
2020-02-08 22:00:00,2.9324758188602966,3.0199195755743684
2020-02-08 23:00:00,2.955304017583591,2.9880960912659877
2020-02-09 00:00:00,2.962520226298609,2.9289357345600604
2020-02-09 01:00:00,3.091773626243103,3.04577072933967
2020-02-09 02:00:00,3.1269526437284645,3.0904658576746997
2020-02-09 03:00:00,3.294471774611452,3.1327217904286373
2020-02-09 04:00:00,3.3777753708210247,3.2609920925055658
2020-02-09 05:00:00,3.422099545120192,3.4612124582506087
2020-02-09 06:00:00,3.523487277565374,3.65671545270653
2020-02-09 07:00:00,3.770253860968019,3.7821348296759987
2020-02-09 08:00:00,3.7944697921366117,3.818671120812228
2020-02-09 09:00:00,3.602449253696336,3.8410106792714904
2020-02-09 10:00:00,3.496253028328637,3.723572015348428
2020-02-09 11:00:00,3.593909742971176,3.4749508892377494
2020-02-09 12:00:00,3.435222537864308,3.2553591253613843
2020-02-09 13:00:00,3.4846674448862625,3.2743117320859816
2020-02-09 14:00:00,3.2877065789412208,3.2490109353606065
2020-02-09 15:00:00,3.2534989741674005,3.339891028664236
2020-02-09 16:00:00,3.255344658319509,3.4084281617962535
2020-02-09 17:00:00,3.2015620961689035,3.4219991187569514
2020-02-09 18:00:00,3.1497927373013397,3.250624575849863
2020-02-09 19:00:00,2.974258460309854,3.1462270920093562
2020-02-09 20:00:00,2.845116078961045,3.1285809668837503
2020-02-09 21:00:00,2.806564871633819,3.103587924498132
2020-02-09 22:00:00,2.732737505549974,3.016657743030405
2020-02-09 23:00:00,2.7837366729105364,3.0754811565784363
2020-02-10 00:00:00,2.7829397179919297,3.167836128116258
2020-02-10 01:00:00,2.7975941726131137,3.1843298606989556
2020-02-10 02:00:00,2.828609992763092,3.190393805880431
2020-02-10 03:00:00,2.985007439335298,3.3139929594070088
2020-02-10 04:00:00,3.3436668897933104,3.465423238714675
2020-02-10 05:00:00,3.726334111552885,3.6123188467357537
2020-02-10 06:00:00,3.804037216108701,3.712473579079693
2020-02-10 07:00:00,3.4659855924616334,3.734412021148405
2020-02-10 08:00:00,3.4104069080320527,3.5506671869200868
2020-02-10 09:00:00,3.4857607798055805,3.4613241029501385
2020-02-10 10:00:00,3.3873844267664035,3.407023275182545
2020-02-10 11:00:00,3.257875440055151,3.3775949974034822
2020-02-10 12:00:00,3.137697810302113,3.203938982328375
2020-02-10 13:00:00,3.0693618997513905,3.179382759411461
2020-02-10 14:00:00,3.0575661739673565,3.1276949369845566
2020-02-10 15:00:00,3.360771835915681,3.075481420424371
2020-02-10 16:00:00,3.3484487718024543,3.202281969136107
2020-02-10 17:00:00,3.466891735999036,3.146689341663322
2020-02-10 18:00:00,3.485536912637413,3.0583117974084133
2020-02-10 19:00:00,3.4134474269343382,2.9755498064937838
2020-02-10 20:00:00,3.292437157714262,3.1119673735578504
2020-02-10 21:00:00,3.33362505668732,3.1067138247068042
2020-02-10 22:00:00,3.2863033803065727,3.0993706100415936
2020-02-10 23:00:00,3.144671406950973,3.141133385586381
2020-02-11 00:00:00,3.1925321640123925,3.070813736872671
2020-02-11 01:00:00,3.279242312962392,3.1000494767140934
2020-02-11 02:00:00,3.4132278805449463,3.008800080903907
2020-02-11 03:00:00,3.4228171117411588,3.135115418904541
2020-02-11 04:00:00,3.785029157258824,3.4908539023025003
2020-02-11 05:00:00,4.13183737263483,3.705920368504456
2020-02-11 06:00:00,4.043438815876579,3.8715871053226643
2020-02-11 07:00:00,4.085417722343477,3.828306595529288
2020-02-11 08:00:00,4.120911292516404,3.5641438845724425
2020-02-11 09:00:00,3.71634565277177,3.491832158634969
2020-02-11 10:00:00,3.602699617060831,3.415281276962004
2020-02-11 11:00:00,3.685477857416057,3.2845370899147155
2020-02-11 12:00:00,3.645164229883411,3.186352880024533
2020-02-11 13:00:00,3.7089582903886535,3.1549921870367594
2020-02-11 14:00:00,3.685894177149625,3.2782574115244225
2020-02-11 15:00:00,3.8410426645212405,3.4022929217219846
2020-02-11 16:00:00,3.701686572375793,3.4546710573509722
2020-02-11 17:00:00,3.835639098709738,3.5164900858237913
2020-02-11 18:00:00,3.793354891104874,3.544483143034411
2020-02-11 19:00:00,3.525083080576653,3.5495196986402697
2020-02-11 20:00:00,3.485324546022181,3.473006471895311
2020-02-11 21:00:00,3.3776642629246574,3.4642154042399156
2020-02-11 22:00:00,3.3934844127997734,3.4208347264625116
2020-02-11 23:00:00,3.3737607698039658,3.368755874500413
2020-02-12 00:00:00,3.4194865538727224,3.357681590637179
2020-02-12 01:00:00,3.4962281580913857,3.4159262013657266
2020-02-12 02:00:00,3.505697119142408,3.4606341925770003
2020-02-12 03:00:00,3.6176871274687845,3.5581454867089777
2020-02-12 04:00:00,3.759777052531256,3.7311497058136442
2020-02-12 05:00:00,4.131966894329752,3.9940260858361554
2020-02-12 06:00:00,4.129468975928413,4.075842066320646
2020-02-12 07:00:00,4.048911107485416,4.079603510187798
2020-02-12 08:00:00,3.8943177130919127,4.034676391073563
2020-02-12 09:00:00,3.873362953169604,3.8284474687292733
2020-02-12 10:00:00,3.3681312018513316,3.675913151263282
2020-02-12 11:00:00,3.1339744806003855,3.5974604544027993
2020-02-12 12:00:00,3.062728296864679,3.5329035565379323
2020-02-12 13:00:00,3.009698414359362,3.584801560630451
2020-02-12 14:00:00,3.1015524249060973,3.570322759445804
2020-02-12 15:00:00,3.2867036877426843,3.6581891132529134
2020-02-12 16:00:00,3.4596567823859834,3.7348251888566173
2020-02-12 17:00:00,3.481758899669228,3.781200561914535
2020-02-12 18:00:00,3.5157860992251178,3.6924505222603496
2020-02-12 19:00:00,3.492777495283971,3.570573128953737
2020-02-12 20:00:00,3.4739737206517485,3.5271824814627446
2020-02-12 21:00:00,3.3618132194820247,3.4864446873769506
2020-02-12 22:00:00,3.3904143851773356,3.4800545981714026
2020-02-12 23:00:00,3.3431759727432686,3.464627055968947
2020-02-13 00:00:00,3.423103414161069,3.5436939815599087
2020-02-13 01:00:00,3.478047706615821,3.5532159074876772
2020-02-13 02:00:00,3.5130879508567108,3.520435201380265
2020-02-13 03:00:00,3.6428548118059103,3.620997163873926
2020-02-13 04:00:00,3.837484287243091,3.810166242934312
2020-02-13 05:00:00,4.128894223407336,4.041717097623703
2020-02-13 06:00:00,4.229157892571981,4.112429701257155
2020-02-13 07:00:00,4.129032996651884,4.080111095555392
2020-02-13 08:00:00,4.046167527400012,4.006897374479754
2020-02-13 09:00:00,3.731315320905546,3.921497770260896
2020-02-13 10:00:00,3.4122017685789867,3.6694635610654704
2020-02-13 11:00:00,3.124580341990109,3.5591874367849647
2020-02-13 12:00:00,2.925857055839583,3.493576902642482
2020-02-13 13:00:00,2.901502351426597,3.528217044326723
2020-02-13 14:00:00,3.0253852268083214,3.538832727506234
2020-02-13 15:00:00,3.2276920651267265,3.60049381520336
2020-02-13 16:00:00,3.3655771608802882,3.729581950546532
2020-02-13 17:00:00,3.4148416626844575,3.7353832058248777
2020-02-13 18:00:00,3.456265476172944,3.741074999122725
2020-02-13 19:00:00,3.37043422443852,3.65867421405851
2020-02-13 20:00:00,3.2732790759511867,3.6505981376750074
2020-02-13 21:00:00,3.184741745948252,3.6260778667970697
2020-02-13 22:00:00,3.2342144076191426,3.534294357914013
2020-02-13 23:00:00,3.2719607301281344,3.527486066337522
2020-02-14 00:00:00,3.1734594811690284,3.5635619725135586
2020-02-14 01:00:00,3.3545724425899457,3.5833053770635597
2020-02-14 02:00:00,3.48050916199056,3.65025186672153
2020-02-14 03:00:00,3.4433179324594887,3.734116259331589
2020-02-14 04:00:00,3.6652857370668257,3.9034933144294803
2020-02-14 05:00:00,4.191000419276083,4.165630738324872
2020-02-14 06:00:00,4.380856095101763,4.282483725632626
2020-02-14 07:00:00,4.371627674341388,4.30729328442823
2020-02-14 08:00:00,4.205265047237601,4.287540834897893
2020-02-14 09:00:00,4.255861772189014,4.0601138641667065
2020-02-14 10:00:00,4.112051058894613,3.782719028743771
2020-02-14 11:00:00,3.602767128836279,3.5689001907848703
2020-02-14 12:00:00,3.4789813947258783,3.372682611866255
2020-02-14 13:00:00,3.668018308408865,3.338665292830238
2020-02-14 14:00:00,3.6967304926997473,3.382865673557565
2020-02-14 15:00:00,3.6972161990555534,3.4955034103944977
2020-02-14 16:00:00,3.8182542229245833,3.6198549103603836
2020-02-14 17:00:00,3.720974178517112,3.6489529319269045
2020-02-14 18:00:00,3.626011647293167,3.5981629250872373
2020-02-14 19:00:00,3.2457809700182794,3.449340749624753
2020-02-14 20:00:00,3.2092142200877563,3.362203203835777
2020-02-14 21:00:00,3.2715511615254025,3.296542740658271
2020-02-14 22:00:00,3.298403784339734,3.2796840655501946
2020-02-14 23:00:00,3.2629055883918885,3.3057198830844117
2020-02-15 00:00:00,3.286982746315944,3.3196683711899424
2020-02-15 01:00:00,3.2573269039622192,3.4130151505656534
2020-02-15 02:00:00,3.329974697467691,3.416137696305703
2020-02-15 03:00:00,3.49747400360146,3.4662007717194268
2020-02-15 04:00:00,3.3660002317446764,3.665441479283277
2020-02-15 05:00:00,3.5691642617196813,3.963152866403728
2020-02-15 06:00:00,3.6909068266762284,4.16911639103103
2020-02-15 07:00:00,3.6412537597875616,4.255955018710401
2020-02-15 08:00:00,3.5423778230681173,4.2375823062229365
2020-02-15 09:00:00,3.590323630262062,4.17445985647913
2020-02-15 10:00:00,3.491794626653816,4.0213156873647415
2020-02-15 11:00:00,3.232677224489012,3.7305564726570797
2020-02-15 12:00:00,3.1932378683968565,3.5887782554048293
2020-02-15 13:00:00,3.217037479831787,3.6220445389868163
2020-02-15 14:00:00,3.1138873271812173,3.5967296582326833
2020-02-15 15:00:00,3.0978590174393115,3.6255094280515894
2020-02-15 16:00:00,3.3199655952911327,3.728393224643892
2020-02-15 17:00:00,3.257587021880057,3.6714761348063623
2020-02-15 18:00:00,3.137201232260342,3.606656019735001
2020-02-15 19:00:00,2.9236708409197343,3.3511196367578515
2020-02-15 20:00:00,2.865039145110719,3.300984929415845
2020-02-15 21:00:00,2.7176480821076505,3.2569171684495486
2020-02-15 22:00:00,2.702105478721568,3.2015885294808966
2020-02-15 23:00:00,2.693223991072456,3.1685960245527647
2020-02-16 00:00:00,2.77933278929612,3.1323499416406726
2020-02-16 01:00:00,2.756851523684117,3.167016069521994
2020-02-16 02:00:00,2.7855220760016306,3.0684631587114737
2020-02-16 03:00:00,2.833260072115992,3.114978973180409
2020-02-16 04:00:00,2.8718390340920044,3.134314942698469
2020-02-16 05:00:00,2.853590352438114,3.267785575759769
2020-02-16 06:00:00,2.9716308742252524,3.428301839041201
2020-02-16 07:00:00,3.1137346766122054,3.4612405952974314
2020-02-16 08:00:00,3.155540304054953,3.5571319602266906
2020-02-16 09:00:00,3.1726787997527177,3.4030232027142704
2020-02-16 10:00:00,3.1269094012358,3.3149895777926845
2020-02-16 11:00:00,2.9970037670420204,3.140178201427527
2020-02-16 12:00:00,2.916445898599084,2.9531387179354196
2020-02-16 13:00:00,2.939510011838039,2.942280853879773
2020-02-16 14:00:00,2.877825304649572,2.8561049397197937
2020-02-16 15:00:00,2.9909393762565823,2.876683052534141
2020-02-16 16:00:00,2.9948250271030648,3.075723037835241
2020-02-16 17:00:00,3.032545577438157,2.9925321140936916
2020-02-16 18:00:00,2.9780632016401736,2.87219200705825
2020-02-16 19:00:00,2.9284517667248364,2.7046983081007765
2020-02-16 20:00:00,2.915920542744826,2.6822219859359806
2020-02-16 21:00:00,2.9858008012595416,2.6456140573868865
2020-02-16 22:00:00,2.9660256139156216,2.6254075449456256
2020-02-16 23:00:00,2.979070298900383,2.6563503542552036
2020-02-17 00:00:00,3.0041882561582494,2.733558706174494
2020-02-17 01:00:00,3.049643432400327,2.695462333193248
2020-02-17 02:00:00,3.11200812848683,2.704755397230027
2020-02-17 03:00:00,3.2826159552978464,2.8156457234649346
2020-02-17 04:00:00,3.371936362894676,3.026889302827768
2020-02-17 05:00:00,3.6555888746904244,3.178049942345107
2020-02-17 06:00:00,3.6437931489063247,3.190695402266597
2020-02-17 07:00:00,3.7598630906216304,3.186988014832848
2020-02-17 08:00:00,3.695971888845245,3.0451676910505756
2020-02-17 09:00:00,3.6340582058033752,2.975918011089784
2020-02-17 10:00:00,3.6596618694170666,2.8875743411591883
2020-02-17 11:00:00,3.56196550527598,2.7739634375562785
2020-02-17 12:00:00,3.478909718431817,2.7899095450084035
2020-02-17 13:00:00,3.5281880975602307,2.8441737479379205
2020-02-17 14:00:00,3.462950795312089,2.852708735086452
2020-02-17 15:00:00,3.475301614074276,2.8238826662125396
2020-02-17 16:00:00,3.536916934640477,2.961067266920236
2020-02-17 17:00:00,3.574889259290545,3.0330785720876348
2020-02-17 18:00:00,3.3822442412500515,3.0660842397948262
2020-02-17 19:00:00,3.199965584574993,2.99943115894188
2020-02-17 20:00:00,3.122668887378252,2.947202703313736
2020-02-17 21:00:00,3.0393355540449525,2.877802734022282
2020-02-17 22:00:00,3.0557385515469795,2.873983332537036
2020-02-17 23:00:00,3.014869831036324,2.900266363168923
2020-02-18 00:00:00,2.9881658938411357,2.9518770592041594
2020-02-18 01:00:00,2.9942025299776933,3.0014982505664185
2020-02-18 02:00:00,3.0785072760226053,2.9337824828442653
2020-02-18 03:00:00,3.1156013642823983,3.038560843954177
2020-02-18 04:00:00,3.216558899669643,3.323876033093738
2020-02-18 05:00:00,3.5242191827669984,3.508160023478689
2020-02-18 06:00:00,3.628576662644907,3.5741290261792877
2020-02-18 07:00:00,3.6112309983175415,3.619933563927126
2020-02-18 08:00:00,3.653487451273349,3.4339750876129655
2020-02-18 09:00:00,3.5208896161360856,3.3321716132004
2020-02-18 10:00:00,3.219557392988668,3.1432359314039124
2020-02-18 11:00:00,2.944002300010636,2.9803274207076584
2020-02-18 12:00:00,2.7003997465828498,2.856084446042074
2020-02-18 13:00:00,2.8145268628748585,2.851954613362991
2020-02-18 14:00:00,2.8921903179321773,2.8298795171671216
2020-02-18 15:00:00,2.9286044172937977,2.864415968669301
2020-02-18 16:00:00,3.070503529145035,2.9718197338012047
2020-02-18 17:00:00,3.1723630906215736,2.995577274260739
2020-02-18 18:00:00,3.16772121432218,2.9391364633107577
2020-02-18 19:00:00,3.143574669775898,2.8802312547267426
2020-02-18 20:00:00,3.080475797143343,2.7868451905344367
2020-02-18 21:00:00,3.120581264809174,2.7773972536241116
2020-02-18 22:00:00,3.085749180435008,2.7379548533670555
2020-02-18 23:00:00,3.1425768240653382,2.7750869714441886
2020-02-19 00:00:00,3.149307326424475,2.8685954791813275
2020-02-19 01:00:00,3.2241754918422028,2.8645621116370354
2020-02-19 02:00:00,3.272171209696388,2.915400165780702
2020-02-19 03:00:00,3.37461019452502,3.0578502671760868
2020-02-19 04:00:00,3.492997649423703,3.2000258823123167
2020-02-19 05:00:00,3.7011760193006977,3.412433197634336
2020-02-19 06:00:00,3.869331524633538,3.48421262732023
2020-02-19 07:00:00,3.820830275674345,3.4717855787571685
2020-02-19 08:00:00,3.7748750201332717,3.3936969875263587
2020-02-19 09:00:00,3.49838915517951,3.2678411365429567
2020-02-19 10:00:00,3.2344008121320624,3.0686506576638055
2020-02-19 11:00:00,2.774840151897925,2.9100539281018114
2020-02-19 12:00:00,2.8355534463747256,2.8217451600513863
2020-02-19 13:00:00,2.658666580811816,2.857218677345011
2020-02-19 14:00:00,2.6837403829463424,2.8744612992027974
2020-02-19 15:00:00,2.6685486776214336,2.9185055047749158
2020-02-19 16:00:00,2.9102916695725938,3.022795236009896
2020-02-19 17:00:00,2.966147900491201,2.9549190975951163
2020-02-19 18:00:00,3.0264329803850654,2.975963671026987
2020-02-19 19:00:00,2.913055239613429,2.9216033804355757
2020-02-19 20:00:00,2.900412997037777,2.938739180776896
2020-02-19 21:00:00,2.8920449703933824,2.9225713057990075
2020-02-19 22:00:00,2.952550105003374,2.9589139167780187
2020-02-19 23:00:00,2.9167188532687214,2.93612377547106
2020-02-20 00:00:00,2.901345300925942,2.9703861959111575
2020-02-20 01:00:00,2.9856203098471448,3.067602170381593
2020-02-20 02:00:00,3.099247842458832,3.0826568427280163
2020-02-20 03:00:00,3.2614737653008614,3.1262903473871893
2020-02-20 04:00:00,3.445764634021439,3.29663682291062
2020-02-20 05:00:00,3.711106016202904,3.4507310170203924
2020-02-20 06:00:00,3.805541209097819,3.5172155171120805
2020-02-20 07:00:00,3.97463640754336,3.5721719761433115
2020-02-20 08:00:00,3.9058187555868016,3.6051547063722755
2020-02-20 09:00:00,3.8691132324116335,3.513026320614718
2020-02-20 10:00:00,3.806609763080556,3.296128021902847
2020-02-20 11:00:00,3.4661018530055423,3.012790554803753
2020-02-20 12:00:00,3.3711809537550237,2.985231897276641
2020-02-20 13:00:00,3.4458617752925096,2.9382033409661075
2020-02-20 14:00:00,3.3961890847473497,2.8897608222356803
2020-02-20 15:00:00,3.2967719323743077,2.9171637662717353
2020-02-20 16:00:00,3.316116551360512,3.085311341628381
2020-02-20 17:00:00,3.2801048944079967,3.0849208417825875
2020-02-20 18:00:00,3.2187090292051623,3.0652941309640487
2020-02-20 19:00:00,3.115600508527983,3.0420060360234236
2020-02-20 20:00:00,3.0108960955388446,2.968895394983194
2020-02-20 21:00:00,3.0831136919862137,2.9352587752999724
2020-02-20 22:00:00,3.144853908472519,2.9427001809449034
2020-02-20 23:00:00,3.1261195204624967,2.919146704374801
2020-02-21 00:00:00,3.2041100838818557,2.910194313056636
2020-02-21 01:00:00,3.204193347828596,2.9368096585944405
2020-02-21 02:00:00,3.283682662288707,2.944828427199728
2020-02-21 03:00:00,3.3819202420833654,3.078910903561683
2020-02-21 04:00:00,3.5195461452286168,3.274035244865293
2020-02-21 05:00:00,3.828455387526656,3.464406616873438
2020-02-21 06:00:00,4.020767349780392,3.5329142277808336
2020-02-21 07:00:00,3.8575871956759267,3.5662977401464993
2020-02-21 08:00:00,3.6587528909299487,3.519640848054789
2020-02-21 09:00:00,3.4179535570414954,3.4306123810062146
2020-02-21 10:00:00,3.272768988626275,3.272748392592001
2020-02-21 11:00:00,3.179180312523064,3.0333083692994145
2020-02-21 12:00:00,3.2054084557369897,2.9151323556411026
2020-02-21 13:00:00,3.211972430202809,2.8782887374864017
2020-02-21 14:00:00,3.275590050439841,2.7999933242583213
2020-02-21 15:00:00,3.3254096452219817,2.742849198028117
2020-02-21 16:00:00,3.3471877930617655,2.83500750001206
2020-02-21 17:00:00,3.349449796947373,2.8171767239925316
2020-02-21 18:00:00,3.3762017710349386,2.800596089228564
2020-02-21 19:00:00,3.2450610549649346,2.731311279058357
2020-02-21 20:00:00,3.1685969972353507,2.7118431655915614
2020-02-21 21:00:00,3.0538315240186025,2.837412759984762
2020-02-21 22:00:00,3.027561748831157,2.899050777775796
2020-02-21 23:00:00,3.014586450468752,2.977216531386178
2020-02-22 00:00:00,3.037039961431837,3.094810996672639
2020-02-22 01:00:00,3.0168583667289703,3.1187820522312415
2020-02-22 02:00:00,3.1176077422493766,3.1863900679061232
2020-02-22 03:00:00,3.079792033118172,3.344446525770598
2020-02-22 04:00:00,3.174254980661798,3.4716891501370193
2020-02-22 05:00:00,3.2862727436371135,3.660585856866687
2020-02-22 06:00:00,3.319717095566064,3.8453186929200434
2020-02-22 07:00:00,3.478820620406509,3.8387137058862733
2020-02-22 08:00:00,3.549317428621893,3.7333649836697997
2020-02-22 09:00:00,3.5051489887414764,3.5784461062206754
2020-02-22 10:00:00,3.224271941836178,3.446558512669936
2020-02-22 11:00:00,2.807718123741902,3.288654568830456
2020-02-22 12:00:00,2.8096193171918804,3.166862017575274
2020-02-22 13:00:00,2.6477105903372515,3.1005983395652414
2020-02-22 14:00:00,2.762198517064992,3.0728342088164537
2020-02-22 15:00:00,3.00276193643772,3.0993716722419364
2020-02-22 16:00:00,3.127380310015232,3.1400600507996455
2020-02-22 17:00:00,3.2538027357715977,3.1421947711684197
2020-02-22 18:00:00,3.258519043610317,3.111011168895697
2020-02-22 19:00:00,3.282926013271328,2.9875875294955194
2020-02-22 20:00:00,3.2944461750412195,2.942008628635333
2020-02-22 21:00:00,3.2894919702118166,2.9137703402080657
2020-02-22 22:00:00,3.376359395505667,2.9189013903554772
2020-02-22 23:00:00,3.419985738632371,2.9658080839089527
2020-02-23 00:00:00,3.3193217620317035,3.0055472651295294
2020-02-23 01:00:00,3.355240903487868,3.0531467429671166
2020-02-23 02:00:00,3.4135137713361083,3.0957093413749925
2020-02-23 03:00:00,3.599192372501761,3.1788398659676447
2020-02-23 04:00:00,3.550205417186803,3.232870950447517
2020-02-23 05:00:00,3.5997474654798762,3.388634899812016
2020-02-23 06:00:00,3.7033607963621766,3.3996110105832376
2020-02-23 07:00:00,3.800113502440402,3.4721542307960434
2020-02-23 08:00:00,3.847881235678571,3.4329993692293885
2020-02-23 09:00:00,3.584767164071565,3.3897831408927215
2020-02-23 10:00:00,3.2904799959709465,3.2558970306204422
2020-02-23 11:00:00,2.837274334022557,3.1693950172522265
2020-02-23 12:00:00,2.850787103363718,3.0082794449096086
2020-02-23 13:00:00,2.803187880494016,2.908537914425432
2020-02-23 14:00:00,2.59586065318346,2.986357283596403
2020-02-23 15:00:00,2.70249897045867,3.1032491529484196
2020-02-23 16:00:00,2.8533501130250616,3.285086241764375
2020-02-23 17:00:00,2.997965711137772,3.3017080066688558
2020-02-23 18:00:00,3.1363226359226624,3.2912824706857204
2020-02-23 19:00:00,3.0079573847430585,3.2674248220992954
2020-02-23 20:00:00,2.89249804530366,3.2765309912992477
2020-02-23 21:00:00,2.8115205530023566,3.2455510006722905
2020-02-23 22:00:00,2.9171547467298358,3.266616013972265
2020-02-23 23:00:00,2.8727681244705723,3.2791518303918537
2020-02-24 00:00:00,2.95994085090225,3.3500787023598955
2020-02-24 01:00:00,3.119724364640757,3.3786131035693856
2020-02-24 02:00:00,3.280631941659993,3.3904265141172103
2020-02-24 03:00:00,3.4256222275327683,3.5079252619870602
2020-02-24 04:00:00,3.659726743610708,3.633871792432051
2020-02-24 05:00:00,4.152302375028942,3.81997729017453
2020-02-24 06:00:00,4.156118639253231,3.804989420062815
2020-02-24 07:00:00,3.9110450894336233,3.85883787301377
2020-02-24 08:00:00,3.740034820213485,3.6803450909615045
2020-02-24 09:00:00,3.488425711402116,3.5816131338443973
2020-02-24 10:00:00,3.460671062498392,3.351715102107744
2020-02-24 11:00:00,3.328267509903271,3.10835546133688
2020-02-24 12:00:00,3.282611112456829,2.9541662061076623
2020-02-24 13:00:00,3.34936104307011,2.848745647308244
2020-02-24 14:00:00,3.298366501484456,2.7675792135492356
2020-02-24 15:00:00,3.3645405231330354,2.8383549709762135
2020-02-24 16:00:00,3.3282241958300456,3.026701010955078
2020-02-24 17:00:00,3.6140276929156863,3.0983689273889867
2020-02-24 18:00:00,3.3941890663745,3.1086004460597265
2020-02-24 19:00:00,3.210619818525509,3.0026004887518565
2020-02-24 20:00:00,3.2727069681228684,3.0448275155922033
2020-02-24 21:00:00,3.15849658788425,2.965336193154594
2020-02-24 22:00:00,3.180908466874079,2.9602933180714217
2020-02-24 23:00:00,3.157069536353059,3.0270257320606304
2020-02-25 00:00:00,3.190770618784488,3.1551318101784984
2020-02-25 01:00:00,3.2716417182651263,3.2046998828721236
2020-02-25 02:00:00,3.3289550682510316,3.158644107127053
2020-02-25 03:00:00,3.420634275828193,3.3525073930128144
2020-02-25 04:00:00,3.6244227854035325,3.5288067147987414
2020-02-25 05:00:00,3.809338133724407,3.813317952384449
2020-02-25 06:00:00,3.7664710784926223,3.9137138060459
2020-02-25 07:00:00,3.9249501237326485,3.847919507848265
2020-02-25 08:00:00,4.263445821762084,3.5595533248986877
2020-02-25 09:00:00,4.218622063782626,3.4217107627355827
2020-02-25 10:00:00,3.667428613879823,3.2223211734008164
2020-02-25 11:00:00,3.6371413532635826,2.957090305849816
2020-02-25 12:00:00,3.570530195894773,2.873165624805009
2020-02-25 13:00:00,3.273902385736505,2.937598242918552
2020-02-25 14:00:00,3.08700258001909,3.0366255818081553
2020-02-25 15:00:00,3.06249522503718,3.12261622130122
2020-02-25 16:00:00,3.272986482322713,3.295311132574397
2020-02-25 17:00:00,3.511012333795754,3.4075454062443566
2020-02-25 18:00:00,3.4994247678784416,3.3498769504072423
2020-02-25 19:00:00,3.3885518841703672,3.2661300563673774
2020-02-25 20:00:00,3.2968921561659683,3.2373576199439054
2020-02-25 21:00:00,3.0147245180865845,3.084939103797987
2020-02-25 22:00:00,2.983000954389632,3.055136181748668
2020-02-25 23:00:00,3.150000676843216,3.0494328615636954
2020-02-26 00:00:00,3.2991105456033307,3.187120488086732
2020-02-26 01:00:00,3.3024411034717738,3.3193428664592464
2020-02-26 02:00:00,3.380376157593362,3.3621607583934225
2020-02-26 03:00:00,3.683332027701583,3.4617212334168026
2020-02-26 04:00:00,3.851483568084592,3.632637230075715
2020-02-26 05:00:00,4.13167666114197,3.9741893652473936
2020-02-26 06:00:00,4.223711076906616,4.035114187319128
2020-02-26 07:00:00,4.153824870967121,4.123915536732303
2020-02-26 08:00:00,4.010578667406641,4.088924656645196
2020-02-26 09:00:00,4.003751023776222,3.9138564984926556
2020-02-26 10:00:00,3.826981664908716,3.7387386597000285
2020-02-26 11:00:00,3.6298577404013126,3.511213614887309
2020-02-26 12:00:00,3.5574676686357325,3.434568570415903
2020-02-26 13:00:00,3.572718848208318,3.3244106535852698
2020-02-26 14:00:00,3.6652979489576056,3.3652498202315777
2020-02-26 15:00:00,3.7612190068063778,3.378891365259964
2020-02-26 16:00:00,3.9484275829928053,3.5552373980239325
2020-02-26 17:00:00,4.043057058429942,3.6592965001757656
2020-02-26 18:00:00,4.090503630730803,3.681503875261172
2020-02-26 19:00:00,3.759469968306571,3.594858176607822
2020-02-26 20:00:00,3.711607076272258,3.417688663244841
2020-02-26 21:00:00,3.549450540052446,3.244303806175962
2020-02-26 22:00:00,3.5559173732469973,3.252903697168779
2020-02-26 23:00:00,3.6469803762998954,3.3532911869522506
